region,name,link,title
BA,Dušan Badinský,https://www.minv.sk/swift_data/source/verejna_sprava/volby_a_referendum/200_selfgov22/sg22_51kampan_ba/BA_BadinskyDusan.pdf,"Dušan Badinský (PDF, 836 kB)"
BA,Katarína Bálintová,https://www.minv.sk/swift_data/source/verejna_sprava/volby_a_referendum/200_selfgov22/sg22_51kampan_ba/BA_BalintovaKatarina.pdf,"Katarína Bálintová (PDF, 3 MB)"
BA,Benko Sandra,https://www.minv.sk/swift_data/source/verejna_sprava/volby_a_referendum/200_selfgov22/sg22_51kampan_ba/BA_BenkoSandra.pdf,"Sandra Benko (PDF, 465 kB)"
BA,Rastislav Blaško,https://www.minv.sk/swift_data/source/verejna_sprava/volby_a_referendum/200_selfgov22/sg22_51kampan_ba/BA_BlaskoRastislav.pdf,"Rastislav Blaško (PDF, 736 kB)"
BA,Andrej Bojczún,https://www.minv.sk/swift_data/source/verejna_sprava/volby_a_referendum/200_selfgov22/sg22_51kampan_ba/BA_BojczunAndrej.pdf,"Andrej Bojczún (PDF, 756 kB)"
BA,Dana Čahojová,https://www.minv.sk/swift_data/source/verejna_sprava/volby_a_referendum/200_selfgov22/sg22_51kampan_ba/BA_CahojovaDana.pdf,"Dana Čahojová (PDF, 13 MB)"
BA,Matúš Čupka,https://www.minv.sk/swift_data/source/verejna_sprava/volby_a_referendum/200_selfgov22/sg22_51kampan_ba/BA_CupkaMatus.pdf,"Matúš Čupka (PDF, 20 MB)"
BA,Monika Debnárová,https://www.minv.sk/swift_data/source/verejna_sprava/volby_a_referendum/200_selfgov22/sg22_51kampan_ba/BA_DebnarovaMonika.pdf,"Monika Debnárová (PDF, 841 kB)"
BA,Marek Dinuš,https://www.minv.sk/swift_data/source/verejna_sprava/volby_a_referendum/200_selfgov22/sg22_51kampan_ba/BA_DinusMarek.pdf,"Marek Dinuš (PDF, 590 kB)"
BA,Michal Drotován,https://www.minv.sk/swift_data/source/verejna_sprava/volby_a_referendum/200_selfgov22/sg22_51kampan_ba/BA_DrotovanMichal.pdf,"Michal Drotován (PDF, 848 kB)"
BA,Branislav Filipovič,https://www.minv.sk/swift_data/source/verejna_sprava/volby_a_referendum/200_selfgov22/sg22_51kampan_ba/BA_FilipovicBranislav.pdf,"Branislav Filipovič (PDF, 861 kB)"
BA,Šimon Gabura,https://www.minv.sk/swift_data/source/verejna_sprava/volby_a_referendum/200_selfgov22/sg22_51kampan_ba/BA_GaburaSimon.pdf,"Šimon Gabura (PDF, 410 kB)"
BA,Martin Gajdoš,https://www.minv.sk/swift_data/source/verejna_sprava/volby_a_referendum/200_selfgov22/sg22_51kampan_ba/BA_GajdosMartin.pdf,"Martin Gajdoš (PDF, 110 kB)"
BA,Štefan Gašparovič,https://www.minv.sk/swift_data/source/verejna_sprava/volby_a_referendum/200_selfgov22/sg22_51kampan_ba/BA_GasparovicStefan.pdf,"Štefan Gašparovič (PDF, 499 kB)"
BA,Hana Haldová,https://www.minv.sk/swift_data/source/verejna_sprava/volby_a_referendum/200_selfgov22/sg22_51kampan_ba/BA_HaldovaHana.pdf,"Hana Haldová (PDF, 820 kB)"
BA,Ján Hrčka,https://www.minv.sk/swift_data/source/verejna_sprava/volby_a_referendum/200_selfgov22/sg22_51kampan_ba/BA_HrckaJan.pdf,"Ján Hrčka (PDF, 742 kB)"
BA,Jana Jányová,https://www.minv.sk/swift_data/source/verejna_sprava/volby_a_referendum/200_selfgov22/sg22_51kampan_ba/BA_JanyovaJana.pdf,"Jana Jányová (PDF, 1 MB)"
BA,Tomáš Káčer,https://www.minv.sk/swift_data/source/verejna_sprava/volby_a_referendum/200_selfgov22/sg22_51kampan_ba/BA_KacerTomas.pdf,"Tomáš Káčer (PDF, 121 kB)"
BA,Martin Kližan,https://www.minv.sk/swift_data/source/verejna_sprava/volby_a_referendum/200_selfgov22/sg22_51kampan_ba/BA_KlizanMartin.pdf,"Martin Kližan (PDF, 810 kB)"
BA,Peter Kmeť,https://www.minv.sk/swift_data/source/verejna_sprava/volby_a_referendum/200_selfgov22/sg22_51kampan_ba/BA_KmetPeter.pdf,"Peter Kmeť (PDF, 833 kB)"
BA,Dárius Krajčír,https://www.minv.sk/swift_data/source/verejna_sprava/volby_a_referendum/200_selfgov22/sg22_51kampan_ba/BA_KrajcirDarius.pdf,"Dárius Krajčír (PDF, 705 kB)"
BA,Jozef Krúpa,https://www.minv.sk/swift_data/source/verejna_sprava/volby_a_referendum/200_selfgov22/sg22_51kampan_ba/BA_KrupaJozef.pdf,"Jozef Krúpa (PDF, 384 kB)"
BA,Pavol Kubiš,https://www.minv.sk/swift_data/source/verejna_sprava/volby_a_referendum/200_selfgov22/sg22_51kampan_ba/BA_KubisPavol.pdf,"Pavol Kubiš (PDF, 904 kB)"
BA,Martin Kuruc,https://www.minv.sk/swift_data/source/verejna_sprava/volby_a_referendum/200_selfgov22/sg22_51kampan_ba/BA_KurucMartin.pdf,"Martin Kuruc (PDF, 804 kB)"
BA,Pavol Kvál,https://www.minv.sk/swift_data/source/verejna_sprava/volby_a_referendum/200_selfgov22/sg22_51kampan_ba/BA_KvalPavol.pdf,"Pavol Kvál (PDF, 845 kB)"
BA,Roman Lamoš,https://www.minv.sk/swift_data/source/verejna_sprava/volby_a_referendum/200_selfgov22/sg22_51kampan_ba/BA_Lamos Roman.pdf,"Roman Lamoš (PDF, 74 kB)"
BA,Vladimír Letenay,https://www.minv.sk/swift_data/source/verejna_sprava/volby_a_referendum/200_selfgov22/sg22_51kampan_ba/BA_LetenayVladimir.pdf,"Vladimír Letenay (PDF, 1 MB)"
BA,Tomáš Lukačovský,https://www.minv.sk/swift_data/source/verejna_sprava/volby_a_referendum/200_selfgov22/sg22_51kampan_ba/BA_LukacovskyTomas.pdf,"Tomáš Lukačovský (PDF, 1 MB)"
BA,Roman Mács,https://www.minv.sk/swift_data/source/verejna_sprava/volby_a_referendum/200_selfgov22/sg22_51kampan_ba/BA_MacsRoman.pdf,"Roman Mács (PDF, 473 kB)"
BA,Ján Mažgút,https://www.minv.sk/swift_data/source/verejna_sprava/volby_a_referendum/200_selfgov22/sg22_51kampan_ba/BA_MazgutJan.pdf,"Ján Mažgút (PDF, 780 kB)"
BA,Martin Mlýnek,https://www.minv.sk/swift_data/source/verejna_sprava/volby_a_referendum/200_selfgov22/sg22_51kampan_ba/BA_MlynekMartin.pdf,"Martin Mlýnek (PDF, 447 kB)"
BA,Ernest Németh,https://www.minv.sk/swift_data/source/verejna_sprava/volby_a_referendum/200_selfgov22/sg22_51kampan_ba/BA_NemethErnest.pdf,"Ernest Németh (PDF, 6 MB)"
BA,Peter Novisedlák,https://www.minv.sk/swift_data/source/verejna_sprava/volby_a_referendum/200_selfgov22/sg22_51kampan_ba/BA_NovisedlakPeter.pdf,"Peter Novisedlák (PDF, 826 kB)"
BA,Radoslav Olekšák,https://www.minv.sk/swift_data/source/verejna_sprava/volby_a_referendum/200_selfgov22/sg22_51kampan_ba/BA_OleksakRadoslav.pdf,"Radoslav Olekšák (PDF, 1 MB)"
BA,Juraj Ondruška,https://www.minv.sk/swift_data/source/verejna_sprava/volby_a_referendum/200_selfgov22/sg22_51kampan_ba/BA_OndruskaJuraj.pdf,"Juraj Ondruška (PDF, 144 kB)"
BA,Elena Pätoprstá,https://www.minv.sk/swift_data/source/verejna_sprava/volby_a_referendum/200_selfgov22/sg22_51kampan_ba/BA_PatoprstaElena.pdf,"Elena Pätoprstá (PDF, 215 kB)"
BA,Juraj Petrakovič,https://www.minv.sk/swift_data/source/verejna_sprava/volby_a_referendum/200_selfgov22/sg22_51kampan_ba/BA_PetrakovicJuraj.pdf,"Juraj Petrakovič (PDF, 279 kB)"
BA,Iva Pipíšková,https://www.minv.sk/swift_data/source/verejna_sprava/volby_a_referendum/200_selfgov22/sg22_51kampan_ba/BA_PipiskovaIva.pdf,"Iva Pipíšková (PDF, 119 kB)"
BA,Vladimír Píš,https://www.minv.sk/swift_data/source/verejna_sprava/volby_a_referendum/200_selfgov22/sg22_51kampan_ba/BA_PisVladimir.pdf,"Vladimír Píš (PDF, 122 kB)"
BA,Igor Polakovič,https://www.minv.sk/swift_data/source/verejna_sprava/volby_a_referendum/200_selfgov22/sg22_51kampan_ba/BA_PolakovicIgor.pdf,"Igor Polakovič (PDF, 925 kB)"
BA,Ján Polakovič,https://www.minv.sk/swift_data/source/verejna_sprava/volby_a_referendum/200_selfgov22/sg22_51kampan_ba/BA_PolakovicJan.pdf,"Ján Polakovič (PDF, 11 MB)"
BA,Zuzana Rattajová,https://www.minv.sk/swift_data/source/verejna_sprava/volby_a_referendum/200_selfgov22/sg22_51kampan_ba/BA_RattajovaZuzana.pdf,"Zuzana Rattajová (PDF, 723 kB)"
BA,Ján Rigler,https://www.minv.sk/swift_data/source/verejna_sprava/volby_a_referendum/200_selfgov22/sg22_51kampan_ba/BA_RiglerJan.pdf,"Ján Rigler (PDF, 426 kB)"
BA,Juraj Říha,https://www.minv.sk/swift_data/source/verejna_sprava/volby_a_referendum/200_selfgov22/sg22_51kampan_ba/BA_RihaJuraj.pdf,"Juraj Říha (PDF, 800 kB)"
BA,Jaroslav Sedlák,https://www.minv.sk/swift_data/source/verejna_sprava/volby_a_referendum/200_selfgov22/sg22_51kampan_ba/BA_SedlakJaroslav.pdf,"Jaroslav Sedlák (PDF, 398 kB)"
BA,Peter Strapák,https://www.minv.sk/swift_data/source/verejna_sprava/volby_a_referendum/200_selfgov22/sg22_51kampan_ba/BA_StrapakPeter.pdf,"Peter Strapák (PDF, 723 kB)"
BA,Michal Svátek,https://www.minv.sk/swift_data/source/verejna_sprava/volby_a_referendum/200_selfgov22/sg22_51kampan_ba/BA_SvatekMichal.pdf,"Michal Svátek (PDF, 700 kB)"
BA,Róbert Šegeda,https://www.minv.sk/swift_data/source/verejna_sprava/volby_a_referendum/200_selfgov22/sg22_51kampan_ba/BA_SegedaRobert.pdf,"Róbert Šegeda (PDF, 810 kB)"
BA,Adam Šipoš,https://www.minv.sk/swift_data/source/verejna_sprava/volby_a_referendum/200_selfgov22/sg22_51kampan_ba/BA_SiposAdam.pdf,"Adam Šipoš (PDF, 852 kB)"
BA,Radoslav Števčík,https://www.minv.sk/swift_data/source/verejna_sprava/volby_a_referendum/200_selfgov22/sg22_51kampan_ba/BA_StevcikRadoslav.pdf,"Radoslav Števčík (PDF, 747 kB)"
BA,Ivor Švihran,https://www.minv.sk/swift_data/source/verejna_sprava/volby_a_referendum/200_selfgov22/sg22_51kampan_ba/BA_SvihranIvor.pdf,"Ivor Švihran (PDF, 1 MB)"
BA,Peter Trojna,https://www.minv.sk/swift_data/source/verejna_sprava/volby_a_referendum/200_selfgov22/sg22_51kampan_ba/BA_TrojnaPeter.pdf,"Peter Trojna (PDF, 130 kB)"
BA,Miroslav Turenič,https://www.minv.sk/swift_data/source/verejna_sprava/volby_a_referendum/200_selfgov22/sg22_51kampan_ba/BA_TurenicMiroslav.pdf,"Miroslav Turenič (PDF, 868 kB)"
BA,Iveta Ugrová,https://www.minv.sk/swift_data/source/verejna_sprava/volby_a_referendum/200_selfgov22/sg22_51kampan_ba/BA_UgrovaIveta.pdf,"Iveta Ugrová (PDF, 859 kB)"
BA,Adriana Uhríková,https://www.minv.sk/swift_data/source/verejna_sprava/volby_a_referendum/200_selfgov22/sg22_51kampan_ba/BA_UhrikovaAdriana.pdf,"Adriana Uhríková (PDF, 56 kB)"
BA,Matej Vagač,https://www.minv.sk/swift_data/source/verejna_sprava/volby_a_referendum/200_selfgov22/sg22_51kampan_ba/BA_VagacMatej.pdf,"Matej Vagač (PDF, 871 kB)"
BA,Dušan Velič,https://www.minv.sk/swift_data/source/verejna_sprava/volby_a_referendum/200_selfgov22/sg22_51kampan_ba/BA_VelicDusan.pdf,"Dušan Velič (PDF, 108 kB)"
BA,Michal Vlček,https://www.minv.sk/swift_data/source/verejna_sprava/volby_a_referendum/200_selfgov22/sg22_51kampan_ba/BA_VlcekMichal.pdf,"Michal Vlček (PDF, 106 kB)"
BA,Vladimíra Vydrová,https://www.minv.sk/swift_data/source/verejna_sprava/volby_a_referendum/200_selfgov22/sg22_51kampan_ba/BA_VydrovaVladimira.pdf,"Vladimíra Vydrová (PDF, 856 kB)"
BA,Martin Zaťovič,https://www.minv.sk/swift_data/source/verejna_sprava/volby_a_referendum/200_selfgov22/sg22_51kampan_ba/BA_ZatovicMartin.pdf,"Martin Zaťovič (PDF, 435 kB)"
BA,Štefan Zima,https://www.minv.sk/swift_data/source/verejna_sprava/volby_a_referendum/200_selfgov22/sg22_51kampan_ba/BA_ZimaStefan.pdf,"Štefan Zima (PDF, 990 kB)"
BB,Atilla Agócs,https://www.minv.sk/swift_data/source/verejna_sprava/volby_a_referendum/200_selfgov22/sg22_56kampan_bb/BB_AgocsAttila.pdf,"Atilla Agócs (PDF, 870 kB)"
BB,Jana Ambrošová,https://www.minv.sk/swift_data/source/verejna_sprava/volby_a_referendum/200_selfgov22/sg22_56kampan_bb/BB_AmbrosovaJana.pdf,"Jana Ambrošová (PDF, 112 kB)"
BB,Peter Antal,https://www.minv.sk/swift_data/source/verejna_sprava/volby_a_referendum/200_selfgov22/sg22_56kampan_bb/BB_AntalPeter.pdf,"Peter Antal (PDF, 122 kB)"
BB,Dominika Árvaiová,https://www.minv.sk/swift_data/source/verejna_sprava/volby_a_referendum/200_selfgov22/sg22_56kampan_bb/BB_ArvaiovaDominika.pdf,"Dominika Árvaiová (PDF, 820 kB)"
BB,Pavol Balážik,https://www.minv.sk/swift_data/source/verejna_sprava/volby_a_referendum/200_selfgov22/sg22_56kampan_bb/BB_BalazikPavol.pdf,"Pavol Balážik (PDF, 113 kB)"
BB,Branislav Baran,https://www.minv.sk/swift_data/source/verejna_sprava/volby_a_referendum/200_selfgov22/sg22_56kampan_bb/BB_BaranBranislav.pdf,"Branislav Baran (PDF, 2 MB)"
BB,Martina Brisudová,https://www.minv.sk/swift_data/source/verejna_sprava/volby_a_referendum/200_selfgov22/sg22_56kampan_bb/BB_BrisudovaMartina.pdf,"Martina Brisudová (PDF, 427 kB)"
BB,Július Buchta,https://www.minv.sk/swift_data/source/verejna_sprava/volby_a_referendum/200_selfgov22/sg22_56kampan_bb/BB_BuchtaJulius.pdf,"Július Buchta (PDF, 56 kB)"
BB,Slavomír Ciglan,https://www.minv.sk/swift_data/source/verejna_sprava/volby_a_referendum/200_selfgov22/sg22_56kampan_bb/BB_CiglanSlavomir.pdf,"Slavomír Ciglan (PDF, 842 kB)"
BB,Michal Dolňan,https://www.minv.sk/swift_data/source/verejna_sprava/volby_a_referendum/200_selfgov22/sg22_56kampan_bb/BB_DolnanMichal.pdf,"Michal Dolňan (PDF, 887 kB)"
BB,Marian Dorkin,https://www.minv.sk/swift_data/source/verejna_sprava/volby_a_referendum/200_selfgov22/sg22_56kampan_bb/BB_DorkinMarian.pdf,"Marian Dorkin (PDF, 863 kB)"
BB,Renáta Endrödyová,https://www.minv.sk/swift_data/source/verejna_sprava/volby_a_referendum/200_selfgov22/sg22_56kampan_bb/BB_EndrodyovaRenata.pdf,"Renáta Endrödyová (PDF, 1 MB)"
BB,Peter Fačka,https://www.minv.sk/swift_data/source/verejna_sprava/volby_a_referendum/200_selfgov22/sg22_56kampan_bb/BB_FackaPeter.pdf,"Peter Fačka (PDF, 1 MB)"
BB,Erika Gyöfrfiová,https://www.minv.sk/swift_data/source/verejna_sprava/volby_a_referendum/200_selfgov22/sg22_56kampan_bb/BB_GyorfiovaErika.pdf,"Erika Gyöfrfiová (PDF, 798 kB)"
BB,Ivan Hazucha,https://www.minv.sk/swift_data/source/verejna_sprava/volby_a_referendum/200_selfgov22/sg22_56kampan_bb/BB_HazuchaIvan.pdf,"Ivan Hazucha (PDF, 2 MB)"
BB,Stanislav Horník,https://www.minv.sk/swift_data/source/verejna_sprava/volby_a_referendum/200_selfgov22/sg22_56kampan_bb/BB_HornikStanislav.pdf,"Stanislav Horník (PDF, 124 kB)"
BB,Branislav Jaďuď,https://www.minv.sk/swift_data/source/verejna_sprava/volby_a_referendum/200_selfgov22/sg22_56kampan_bb/BB_JadudBranislav.pdf,"Branislav Jaďuď (PDF, 489 kB)"
BB,Diana Javorčíková,https://www.minv.sk/swift_data/source/verejna_sprava/volby_a_referendum/200_selfgov22/sg22_56kampan_bb/BB_JavorcikovaDiana.pdf,"Diana Javorčíková (PDF, 1 MB)"
BB,Daniel Karas,https://www.minv.sk/swift_data/source/verejna_sprava/volby_a_referendum/200_selfgov22/sg22_56kampan_bb/BB_KarasDaniel.pdf,"Daniel Karas (PDF, 456 kB)"
BB,Alena Kazimírová,https://www.minv.sk/swift_data/source/verejna_sprava/volby_a_referendum/200_selfgov22/sg22_56kampan_bb/BB_KazimirovaAlena.pdf,"Alena Kazimírová (PDF, 387 kB)"
BB,Peter Kmeť,https://www.minv.sk/swift_data/source/verejna_sprava/volby_a_referendum/200_selfgov22/sg22_56kampan_bb/BB_KmetPeter.pdf,"Peter Kmeť (PDF, 775 kB)"
BB,Zsolt Lajka,https://www.minv.sk/swift_data/source/verejna_sprava/volby_a_referendum/200_selfgov22/sg22_56kampan_bb/BB_LajkaZsolt.pdf,"Zsolt Lajka (PDF, 723 kB)"
BB,Vladislav Lalka,https://www.minv.sk/swift_data/source/verejna_sprava/volby_a_referendum/200_selfgov22/sg22_56kampan_bb/BB_LalkaVladislav.pdf,"Vladislav Lalka (PDF, 445 kB)"
BB,Roman Lebeda,https://www.minv.sk/swift_data/source/verejna_sprava/volby_a_referendum/200_selfgov22/sg22_56kampan_bb/BB_LebedaRoman.pdf,"Roman Lebeda (PDF, 899 kB)"
BB,Ondrej Lunter,https://www.minv.sk/swift_data/source/verejna_sprava/volby_a_referendum/200_selfgov22/sg22_56kampan_bb/BB_LunterOndrej.pdf,"Ondrej Lunter (PDF, 425 kB)"
BB,Vladimír Maňka,https://www.minv.sk/swift_data/source/verejna_sprava/volby_a_referendum/200_selfgov22/sg22_56kampan_bb/BB_MankaVladimir.pdf,"Vladimír Maňka (PDF, 169 kB)"
BB,Petra Mazúrová,https://www.minv.sk/swift_data/source/verejna_sprava/volby_a_referendum/200_selfgov22/sg22_56kampan_bb/BB_MazurovaPetra.pdf,"Petra Mazúrová (PDF, 836 kB)"
BB,Štefan Mičura,https://www.minv.sk/swift_data/source/verejna_sprava/volby_a_referendum/200_selfgov22/sg22_56kampan_bb/BB_MicuraStefan.pdf,"Štefan Mičura (PDF, 82 kB)"
BB,Ján Nosko,https://www.minv.sk/swift_data/source/verejna_sprava/volby_a_referendum/200_selfgov22/sg22_56kampan_bb/BB_NoskoJan.pdf,"Ján Nosko (PDF, 424 kB)"
BB,Rút Olšiaková,https://www.minv.sk/swift_data/source/verejna_sprava/volby_a_referendum/200_selfgov22/sg22_56kampan_bb/BB_OlsiakovaRut.pdf,"Rút Olšiaková (PDF, 839 kB)"
BB,Mikuláš Pá,https://www.minv.sk/swift_data/source/verejna_sprava/volby_a_referendum/200_selfgov22/sg22_56kampan_bb/BB_PalMikulas.pdf,"Mikuláš Pál (PDF, 483 kB)"
BB,Alexandra Pivková,https://www.minv.sk/swift_data/source/verejna_sprava/volby_a_referendum/200_selfgov22/sg22_56kampan_bb/BB_PivkovaAlexandra.pdf,"Alexandra Pivková (PDF, 846 kB)"
BB,Martin Pliešovský,https://www.minv.sk/swift_data/source/verejna_sprava/volby_a_referendum/200_selfgov22/sg22_56kampan_bb/BB_PliesovskyMartin.pdf,"Martin Pliešovský (PDF, 881 kB)"
BB,Adrian Polóny,https://www.minv.sk/swift_data/source/verejna_sprava/volby_a_referendum/200_selfgov22/sg22_56kampan_bb/BB_PolonyAdrian.pdf,"Adrian Polóny (PDF, 292 kB)"
BB,Jaroslav Považan,https://www.minv.sk/swift_data/source/verejna_sprava/volby_a_referendum/200_selfgov22/sg22_56kampan_bb/BB_PovazanJaroslav.pdf,"Jaroslav Považan (PDF, 272 kB)"
BB,Peter Rék,https://www.minv.sk/swift_data/source/verejna_sprava/volby_a_referendum/200_selfgov22/sg22_56kampan_bb/BB_RekPeter.pdf,"Peter Rék (PDF, 2 MB)"
BB,Peter Sitor,https://www.minv.sk/swift_data/source/verejna_sprava/volby_a_referendum/200_selfgov22/sg22_56kampan_bb/BB_SitorPeter.pdf,"Peter Sitor (PDF, 392 kB)"
BB,Jaroslav Stehlík,https://www.minv.sk/swift_data/source/verejna_sprava/volby_a_referendum/200_selfgov22/sg22_56kampan_bb/BB_StehlikJaroslav.pdf,"Jaroslav Stehlík (PDF, 6 MB)"
BB,Miroslav Suja,https://www.minv.sk/swift_data/source/verejna_sprava/volby_a_referendum/200_selfgov22/sg22_56kampan_bb/BB_SujaMiroslav.pdf,"Miroslav Suja (PDF, 811 kB)"
BB,Jozef Šimko,https://www.minv.sk/swift_data/source/verejna_sprava/volby_a_referendum/200_selfgov22/sg22_56kampan_bb/BB_SimkoJozef.pdf,"Jozef Šimko (PDF, 749 kB)"
BB,Ján Šufliarsky,https://www.minv.sk/swift_data/source/verejna_sprava/volby_a_referendum/200_selfgov22/sg22_56kampan_bb/BB_SufliarskyJan.pdf,"Ján Šufliarsky (PDF, 229 kB)"
BB,Klaudia Vajová,https://www.minv.sk/swift_data/source/verejna_sprava/volby_a_referendum/200_selfgov22/sg22_56kampan_bb/BB_VajovaKlaudia.pdf,"Klaudia Vajová (PDF, 471 kB)"
BB,Viktória Valachovičová,https://www.minv.sk/swift_data/source/verejna_sprava/volby_a_referendum/200_selfgov22/sg22_56kampan_bb/BB_ValachovicovaViktoria.pdf,"Viktória Valachovičová (PDF, 691 kB)"
BB,Radoslav Vazan,https://www.minv.sk/swift_data/source/verejna_sprava/volby_a_referendum/200_selfgov22/sg22_56kampan_bb/BB_VazanRadoslav.pdf,"Radoslav Vazan (PDF, 869 kB)"
BB,Radim Vojtko,https://www.minv.sk/swift_data/source/verejna_sprava/volby_a_referendum/200_selfgov22/sg22_56kampan_bb/BB_VojtkoRadim.pdf,"Radim Vojtko (PDF, 123 kB)"
BB,Jozef Výbošťok,https://www.minv.sk/swift_data/source/verejna_sprava/volby_a_referendum/200_selfgov22/sg22_56kampan_bb/BB_VybostokJozef.pdf,"Jozef Výbošťok (PDF, 7 MB)"
KE,Štefan Benko,https://www.minv.sk/swift_data/source/verejna_sprava/volby_a_referendum/200_selfgov22/sg22_58kampan_ke/KE_BenkoStefan.pdf,"Štefan Benko (PDF, 135 kB)"
KE,Slavomír Borovský,https://www.minv.sk/swift_data/source/verejna_sprava/volby_a_referendum/200_selfgov22/sg22_58kampan_ke/KE_BorovskySlavomir.pdf,"Slavomír Borovský (PDF, 847 kB)"
KE,Pavol Burdiga,https://www.minv.sk/swift_data/source/verejna_sprava/volby_a_referendum/200_selfgov22/sg22_58kampan_ke/KE_BurdigaPavol.pdf,"Pavol Burdiga (PDF, 824 kB)"
KE,Andrej Cpin,https://www.minv.sk/swift_data/source/verejna_sprava/volby_a_referendum/200_selfgov22/sg22_58kampan_ke/KE_CpinAndrej.pdf,"Andrej Cpin (PDF, 590 kB)"
KE,Michal Djordjevič,https://www.minv.sk/swift_data/source/verejna_sprava/volby_a_referendum/200_selfgov22/sg22_58kampan_ke/KE_DjordjevicMichal.pdf,"Michal Djordjevič (PDF, 960 kB)"
KE,Dušan Drotár,https://www.minv.sk/swift_data/source/verejna_sprava/volby_a_referendum/200_selfgov22/sg22_58kampan_ke/KE_DrotarDusan.pdf,"Dušan Drotár (PDF, 277 kB)"
KE,Jaroslav Džunko,https://www.minv.sk/swift_data/source/verejna_sprava/volby_a_referendum/200_selfgov22/sg22_58kampan_ke/KE_DzunkoJaroslav.pdf,"Jaroslav Džunko (PDF, 861 kB)"
KE,Pavol Džurina,https://www.minv.sk/swift_data/source/verejna_sprava/volby_a_referendum/200_selfgov22/sg22_58kampan_ke/KE_DzurinaPavol.pdf,"Pavol Džurina (PDF, 335 kB)"
KE,Štefan Ferencsik,https://www.minv.sk/swift_data/source/verejna_sprava/volby_a_referendum/200_selfgov22/sg22_58kampan_ke/KE_FerencsikStefan.pdf,"Štefan Ferencsik (PDF, 831 kB)"
KE,Patrik Géci,https://www.minv.sk/swift_data/source/verejna_sprava/volby_a_referendum/200_selfgov22/sg22_58kampan_ke/KE_GeciPatrik.pdf,"Patrik Géci (PDF, 805 kB)"
KE,Michal Gič,https://www.minv.sk/swift_data/source/verejna_sprava/volby_a_referendum/200_selfgov22/sg22_58kampan_ke/KE_GicMichal.pdf,"Michal Gič (PDF, 1 MB)"
KE,Lukáš Harhaj,https://www.minv.sk/swift_data/source/verejna_sprava/volby_a_referendum/200_selfgov22/sg22_58kampan_ke/KE_HarhajLukas.pdf,"Lukáš Harhaj (PDF, 3 MB)"
KE,Alena Hiráková,https://www.minv.sk/swift_data/source/verejna_sprava/volby_a_referendum/200_selfgov22/sg22_58kampan_ke/KE_HirakovaAlena.pdf,"Alena Hiráková (PDF, 1 MB)"
KE,Michal Hohoš,https://www.minv.sk/swift_data/source/verejna_sprava/volby_a_referendum/200_selfgov22/sg22_58kampan_ke/KE_HohosMichal.pdf,"Michal Hohoš (PDF, 825 kB)"
KE,Marek Hutník,https://www.minv.sk/swift_data/source/verejna_sprava/volby_a_referendum/200_selfgov22/sg22_58kampan_ke/KE_HutnikMarek.pdf,"Marek Hutník (PDF, 61 kB)"
KE,Miloš Ihnát,https://www.minv.sk/swift_data/source/verejna_sprava/volby_a_referendum/200_selfgov22/sg22_58kampan_ke/KE_IhnatMilos.pdf,"Miloš Ihnát (PDF, 845 kB)"
KE,Lucia Iľaščíková,https://www.minv.sk/swift_data/source/verejna_sprava/volby_a_referendum/200_selfgov22/sg22_58kampan_ke/KE_IlascakovaLucia.pdf,"Lucia Iľaščíková (PDF, 839 kB)"
KE,Anna Jenčová,https://www.minv.sk/swift_data/source/verejna_sprava/volby_a_referendum/200_selfgov22/sg22_58kampan_ke/KE_JencovaAnna.pdf,"Anna Jenčová (PDF, 1 MB)"
KE,Milan Kaplan,https://www.minv.sk/swift_data/source/verejna_sprava/volby_a_referendum/200_selfgov22/sg22_58kampan_ke/KE_KaplanMilan.pdf,"Milan Kaplan (PDF, 896 kB)"
KE,Džemal Kodrazi,https://www.minv.sk/swift_data/source/verejna_sprava/volby_a_referendum/200_selfgov22/sg22_58kampan_ke/KE_KodraziDzemal.pdf,"Džemal Kodrazi (PDF, 1 MB)"
KE,Michal Kotrady,https://www.minv.sk/swift_data/source/verejna_sprava/volby_a_referendum/200_selfgov22/sg22_58kampan_ke/KE_KotradyMichal.pdf,"Michal Kotrady (PDF, 173 kB)"
KE,Vladimír Kozák,https://www.minv.sk/swift_data/source/verejna_sprava/volby_a_referendum/200_selfgov22/sg22_58kampan_ke/KE_KozakVladimir.pdf,"Vladimír Kozák (PDF, 379 kB)"
KE,Matej Kundrát,https://www.minv.sk/swift_data/source/verejna_sprava/volby_a_referendum/200_selfgov22/sg22_58kampan_ke/KE_KundratMatej.pdf,"Matej Kundrát (PDF, 1 MB)"
KE,Štefan Lasky,https://www.minv.sk/swift_data/source/verejna_sprava/volby_a_referendum/200_selfgov22/sg22_58kampan_ke/KE_LaskyStefan.pdf,"Štefan Lasky (PDF, 263 kB)"
KE,Ladislav Lörinc,https://www.minv.sk/swift_data/source/verejna_sprava/volby_a_referendum/200_selfgov22/sg22_58kampan_ke/KE_LorincLadislav.pdf,"Ladislav Lörinc (PDF, 461 kB)"
KE,Rudolf Mihálik,https://www.minv.sk/swift_data/source/verejna_sprava/volby_a_referendum/200_selfgov22/sg22_58kampan_ke/KE_MihalikRudolf.pdf,"Rudolf Mihálik (PDF, 907 kB)"
KE,Viliam Novotný,https://www.minv.sk/swift_data/source/verejna_sprava/volby_a_referendum/200_selfgov22/sg22_58kampan_ke/KE_NovotnyViliam.pdf,"Viliam Novotný (PDF, 340 kB)"
KE,Erik Ňarjaš,https://www.minv.sk/swift_data/source/verejna_sprava/volby_a_referendum/200_selfgov22/sg22_58kampan_ke/KE_NarjasErik.pdf,"Erik Ňarjaš (PDF, 538 kB)"
KE,Karol Pataky,https://www.minv.sk/swift_data/source/verejna_sprava/volby_a_referendum/200_selfgov22/sg22_58kampan_ke/KE_PatakyKarol.pdf,"Karol Pataky (PDF, 411 kB)"
KE,Peter Petrikán,https://www.minv.sk/swift_data/source/verejna_sprava/volby_a_referendum/200_selfgov22/sg22_58kampan_ke/KE_PetrikanPeter.pdf,"Peter Petrikán (PDF, 842 kB)"
KE,Oliver Petrík,https://www.minv.sk/swift_data/source/verejna_sprava/volby_a_referendum/200_selfgov22/sg22_58kampan_ke/KE_PetrikOliver.pdf,"Oliver Petrík (PDF, 1 MB)"
KE,Igor Petrovčík,https://www.minv.sk/swift_data/source/verejna_sprava/volby_a_referendum/200_selfgov22/sg22_58kampan_ke/KE_PetrovcikIgor.pdf,"Igor Petrovčík (PDF, 130 kB)"
KE,Emil Petrvalský,https://www.minv.sk/swift_data/source/verejna_sprava/volby_a_referendum/200_selfgov22/sg22_58kampan_ke/KE_PetrvalskyEmil.pdf,"Emil Petrvalský (PDF, 842 kB)"
KE,Jaroslav Polaček,https://www.minv.sk/swift_data/source/verejna_sprava/volby_a_referendum/200_selfgov22/sg22_58kampan_ke/KE_PolacekJaroslav.pdf,"Jaroslav Polaček (PDF, 740 kB)"
KE,Pavol Priester,https://www.minv.sk/swift_data/source/verejna_sprava/volby_a_referendum/200_selfgov22/sg22_58kampan_ke/KE_PriesterPavol.pdf,"Pavol Priester (PDF, 5 MB)"
KE,Michal Rečka,https://www.minv.sk/swift_data/source/verejna_sprava/volby_a_referendum/200_selfgov22/sg22_58kampan_ke/KE_ReckaMichal.pdf,"Michal Rečka (PDF, 104 kB)"
KE,Marián Sejna,https://www.minv.sk/swift_data/source/verejna_sprava/volby_a_referendum/200_selfgov22/sg22_58kampan_ke/KE_SejnaMarian.pdf,"Marián Sejna (PDF, 753 kB)"
KE,Martin Seman,https://www.minv.sk/swift_data/source/verejna_sprava/volby_a_referendum/200_selfgov22/sg22_58kampan_ke/KE_SemanMartin.pdf,"Martin Seman (PDF, 3 MB)"
KE,Erik Sibal,https://www.minv.sk/swift_data/source/verejna_sprava/volby_a_referendum/200_selfgov22/sg22_58kampan_ke/KE_SibalErik.pdf,"Erik Sibal (PDF, 342 kB)"
KE,Juraj Sinay,https://www.minv.sk/swift_data/source/verejna_sprava/volby_a_referendum/200_selfgov22/sg22_58kampan_ke/KE_SinayJuraj.pdf,"Juraj Sinay (PDF, 571 kB)"
KE,Andrej Sitkár,https://www.minv.sk/swift_data/source/verejna_sprava/volby_a_referendum/200_selfgov22/sg22_58kampan_ke/KE_SitkarAndrej.pdf,"Andrej Sitkár (PDF, 772 kB)"
KE,Ján Sklár,https://www.minv.sk/swift_data/source/verejna_sprava/volby_a_referendum/200_selfgov22/sg22_58kampan_ke/KE_SklarJan.pdf,"Ján Sklár (PDF, 868 kB)"
KE,Ján Slovák,https://www.minv.sk/swift_data/source/verejna_sprava/volby_a_referendum/200_selfgov22/sg22_58kampan_ke/KE_SlovakJan.pdf,"Ján Slovák (PDF, 851 kB)"
KE,Dušana Sobodová,https://www.minv.sk/swift_data/source/verejna_sprava/volby_a_referendum/200_selfgov22/sg22_58kampan_ke/KE_SobodovaDusana.pdf,"Dušana Sobodová (PDF, 598 kB)"
KE,Monika Sofiya Soročinová,https://www.minv.sk/swift_data/source/verejna_sprava/volby_a_referendum/200_selfgov22/sg22_58kampan_ke/KE_SorocinovaMonika.pdf,"Monika Sofiya Soročinová (PDF, 656 kB)"
KE,Tímea Sotáková,https://www.minv.sk/swift_data/source/verejna_sprava/volby_a_referendum/200_selfgov22/sg22_58kampan_ke/KE_SotakovaTimea.pdf,"Tímea Sotáková (PDF, 395 kB)"
KE,Vladislav Stanko,https://www.minv.sk/swift_data/source/verejna_sprava/volby_a_referendum/200_selfgov22/sg22_58kampan_ke/KE_StankoVladislav.pdf,"Vladislav Stanko (PDF, 214 kB)"
KE,Róbert Suja,https://www.minv.sk/swift_data/source/verejna_sprava/volby_a_referendum/200_selfgov22/sg22_58kampan_ke/KE_SujaRobert.pdf,"Róbert Suja (PDF, 219 kB)"
KE,Anna Súkeníková,https://www.minv.sk/swift_data/source/verejna_sprava/volby_a_referendum/200_selfgov22/sg22_58kampan_ke/KE_SukenikovaAnna.pdf,"Anna Súkeníková (PDF, 714 kB)"
KE,Marcel Šaňa,https://www.minv.sk/swift_data/source/verejna_sprava/volby_a_referendum/200_selfgov22/sg22_58kampan_ke/KE_SanaMarcel.pdf,"Marcel Šaňa (PDF, 725 kB)"
KE,Ondrej Štefík,https://www.minv.sk/swift_data/source/verejna_sprava/volby_a_referendum/200_selfgov22/sg22_58kampan_ke/KE_StefikOndrej.pdf,"Ondrej Štefík (PDF, 789 kB)"
KE,František Ténai,https://www.minv.sk/swift_data/source/verejna_sprava/volby_a_referendum/200_selfgov22/sg22_58kampan_ke/KE_TenaiFrantisek.pdf,"František Ténai (PDF, 778 kB)"
KE,Andrea Tragalová,https://www.minv.sk/swift_data/source/verejna_sprava/volby_a_referendum/200_selfgov22/sg22_58kampan_ke/KE_TragalovaAndrea.pdf,"Andrea Tragalová (PDF, 61 kB)"
KE,Rastislav Trnka,https://www.minv.sk/swift_data/source/verejna_sprava/volby_a_referendum/200_selfgov22/sg22_58kampan_ke/KE_TrnkaRastislav.pdf,"Rastislav Trnka (PDF, 3 MB)"
KE,Miroslav Tuleja,https://www.minv.sk/swift_data/source/verejna_sprava/volby_a_referendum/200_selfgov22/sg22_58kampan_ke/KE_TulejaMiroslav.pdf,"Miroslav Tuleja (PDF, 130 kB)"
KE,Marcel Vrchota,https://www.minv.sk/swift_data/source/verejna_sprava/volby_a_referendum/200_selfgov22/sg22_58kampan_ke/KE_VrchotaMarcel.pdf,"Marcel Vrchota (PDF, 1 MB)"
KE,Beata Zemková,https://www.minv.sk/swift_data/source/verejna_sprava/volby_a_referendum/200_selfgov22/sg22_58kampan_ke/KE_ZemkovaBeata.pdf,"Beata Zemková (PDF, 858 kB)"
KE,Natália Železníková,https://www.minv.sk/swift_data/source/verejna_sprava/volby_a_referendum/200_selfgov22/sg22_58kampan_ke/KE_ZeleznikovaNatalia.pdf,"Natália Železníková (PDF, 896 kB)"
NR,Marta Balážová,https://www.minv.sk/swift_data/source/verejna_sprava/volby_a_referendum/200_selfgov22/sg22_54kampan_nr/NR_BalazovaMarta.pdf,"Marta Balážová (PDF, 3 MB)"
NR,Branislav Becík,https://www.minv.sk/swift_data/source/verejna_sprava/volby_a_referendum/200_selfgov22/sg22_54kampan_nr/NR_BecikBranislav.pdf,"Branislav Becík (PDF, 893 kB)"
NR,Milan Belica,https://www.minv.sk/swift_data/source/verejna_sprava/volby_a_referendum/200_selfgov22/sg22_54kampan_nr/NR_BelicaMilan.pdf,"Milan Belica (PDF, 790 kB)"
NR,Jozef Belický,https://www.minv.sk/swift_data/source/verejna_sprava/volby_a_referendum/200_selfgov22/sg22_54kampan_nr/NR_BelickyJozef.pdf,"Jozef Belický (PDF, 107 kB)"
NR,Eva Bielik Hajdamárová,https://www.minv.sk/swift_data/source/verejna_sprava/volby_a_referendum/200_selfgov22/sg22_54kampan_nr/NR_BielikHajdamarovaEva.pdf,"Eva Bielik Hajdamárová (PDF, 857 kB)"
NR,Peter Bodoki,https://www.minv.sk/swift_data/source/verejna_sprava/volby_a_referendum/200_selfgov22/sg22_54kampan_nr/NR_BodokiPeter.pdf,"Peter Bodoki (PDF, 853 kB)"
NR,Tibor Csenger,https://www.minv.sk/swift_data/source/verejna_sprava/volby_a_referendum/200_selfgov22/sg22_54kampan_nr/NR_CsengerTibor.pdf,"Tibor Csenger (PDF, 293 kB)"
NR,Tímea Etheykatz,https://www.minv.sk/swift_data/source/verejna_sprava/volby_a_referendum/200_selfgov22/sg22_54kampan_nr/NR_EtheykatzTimea.pdf,"Tímea Etheykatz (PDF, 635 kB)"
NR,Marcel Filaga,https://www.minv.sk/swift_data/source/verejna_sprava/volby_a_referendum/200_selfgov22/sg22_54kampan_nr/NR_FilagaMarcel.pdf,"Marcel Filaga (PDF, 7 MB)"
NR,Alexandra Gieciová,https://www.minv.sk/swift_data/source/verejna_sprava/volby_a_referendum/200_selfgov22/sg22_54kampan_nr/NR_GieciovaAlexandra.pdf,"Alexandra Gieciová (PDF, 109 kB)"
NR,Martina Holečková,https://www.minv.sk/swift_data/source/verejna_sprava/volby_a_referendum/200_selfgov22/sg22_54kampan_nr/NR_HoleckovaMartina.pdf,"Martina Holečková (PDF, 2 MB)"
NR,Árpád Hováth,https://www.minv.sk/swift_data/source/verejna_sprava/volby_a_referendum/200_selfgov22/sg22_54kampan_nr/NR_HorvathArpad.pdf,"Árpád Hováth (PDF, 1 MB)"
NR,Ondrej Juhász,https://www.minv.sk/swift_data/source/verejna_sprava/volby_a_referendum/200_selfgov22/sg22_54kampan_nr/NR_JuhaszOndrej.pdf,"Ondrej Juhász (PDF, 831 kB)"
NR,Ildikó Kečkéš,https://www.minv.sk/swift_data/source/verejna_sprava/volby_a_referendum/200_selfgov22/sg22_54kampan_nr/NR_KeckesIldiko.pdf,"Ildikó Kečkéš (PDF, 386 kB)"
NR,Otokar Klein,https://www.minv.sk/swift_data/source/verejna_sprava/volby_a_referendum/200_selfgov22/sg22_54kampan_nr/NR_KleinOtokar.pdf,"Otokar Klein (PDF, 841 kB)"
NR,Renáta Kolenčíková,https://www.minv.sk/swift_data/source/verejna_sprava/volby_a_referendum/200_selfgov22/sg22_54kampan_nr/NR_KolencikovaRenata.pdf,"Renáta Kolenčíková (PDF, 86 kB)"
NR,Ján Krtík,https://www.minv.sk/swift_data/source/verejna_sprava/volby_a_referendum/200_selfgov22/sg22_54kampan_nr/NR_KrtikJan.pdf,"Ján Krtík (PDF, 806 kB)"
NR,Igor Kúdela,https://www.minv.sk/swift_data/source/verejna_sprava/volby_a_referendum/200_selfgov22/sg22_54kampan_nr/NR_KudelaIgor.pdf,"Igor Kúdela (PDF, 792 kB)"
NR,Martin Kusenda,https://www.minv.sk/swift_data/source/verejna_sprava/volby_a_referendum/200_selfgov22/sg22_54kampan_nr/NR_KusendaMartin.pdf,"Martin Kusenda (PDF, 1 MB)"
NR,Ctibor Melich,https://www.minv.sk/swift_data/source/verejna_sprava/volby_a_referendum/200_selfgov22/sg22_54kampan_nr/NR_MelichCtibor.pdf,"Ctibor Melich (PDF, 3 MB)"
NR,Tomáš Mészáros,https://www.minv.sk/swift_data/source/verejna_sprava/volby_a_referendum/200_selfgov22/sg22_54kampan_nr/NR_MeszarosTomas.pdf,"Tomáš Mészáros (PDF, 169 kB)"
NR,Viktor Németh,https://www.minv.sk/swift_data/source/verejna_sprava/volby_a_referendum/200_selfgov22/sg22_54kampan_nr/NR_NemethViktor.pdf,"Viktor Németh (PDF, 495 kB)"
NR,Pavol Obertáš,https://www.minv.sk/swift_data/source/verejna_sprava/volby_a_referendum/200_selfgov22/sg22_54kampan_nr/NR_ObertasPavol.pdf,"Pavol Obertáš (PDF, 4 MB)"
NR,Marek Oremus,https://www.minv.sk/swift_data/source/verejna_sprava/volby_a_referendum/200_selfgov22/sg22_54kampan_nr/NR_OremusMarek.pdf,"Marek Oremus (PDF, 917 kB)"
NR,Anita Petkovová,https://www.minv.sk/swift_data/source/verejna_sprava/volby_a_referendum/200_selfgov22/sg22_54kampan_nr/NR_PetkovovaAnita.pdf,"Anita Petkovová (PDF, 3 MB)"
NR,Peter Podbehlý,https://www.minv.sk/swift_data/source/verejna_sprava/volby_a_referendum/200_selfgov22/sg22_54kampan_nr/NR_PodbehlyPeter.pdf,"Peter Podbehlý (PDF, 817 kB)"
NR,Eva Polerecká,https://www.minv.sk/swift_data/source/verejna_sprava/volby_a_referendum/200_selfgov22/sg22_54kampan_nr/NR_PolereckaEva.pdf,"Eva Polerecká (PDF, 527 kB)"
NR,Roman Porubský,https://www.minv.sk/swift_data/source/verejna_sprava/volby_a_referendum/200_selfgov22/sg22_54kampan_nr/NR_PorubskyRoman.pdf,"Roman Porubský (PDF, 3 MB)"
NR,Peter Pukan,https://www.minv.sk/swift_data/source/verejna_sprava/volby_a_referendum/200_selfgov22/sg22_54kampan_nr/NR_PukanPeter.pdf,"Peter Pukan (PDF, 780 kB)"
NR,Štefan Pupák,https://www.minv.sk/swift_data/source/verejna_sprava/volby_a_referendum/200_selfgov22/sg22_54kampan_nr/NR_PupakStefan.pdf,"Štefan Pupák (PDF, 1 MB)"
NR,Dalimír Solčanský,https://www.minv.sk/swift_data/source/verejna_sprava/volby_a_referendum/200_selfgov22/sg22_54kampan_nr/NR_SolcanskyDalimir.pdf,"Dalimír Solčanský (PDF, 473 kB)"
NR,Eugen Szabó,https://www.minv.sk/swift_data/source/verejna_sprava/volby_a_referendum/200_selfgov22/sg22_54kampan_nr/NR_SzaboEugen.pdf,"Eugen Szabó (PDF, 678 kB)"
NR,Milan Španír,https://www.minv.sk/swift_data/source/verejna_sprava/volby_a_referendum/200_selfgov22/sg22_54kampan_nr/NR_SpanirMilan.pdf,"Milan Španír (PDF, 743 kB)"
NR,Jozef Šuchter,https://www.minv.sk/swift_data/source/verejna_sprava/volby_a_referendum/200_selfgov22/sg22_54kampan_nr/NR_SuchterJozef.pdf,"Jozef Šuchter (PDF, 877 kB)"
NR,Marián Tóth,https://www.minv.sk/swift_data/source/verejna_sprava/volby_a_referendum/200_selfgov22/sg22_54kampan_nr/NR_TothMarian.pdf,"Marián Tóth (PDF, 458 kB)"
NR,Pál Zachar,https://www.minv.sk/swift_data/source/verejna_sprava/volby_a_referendum/200_selfgov22/sg22_54kampan_nr/NR_ZacharPal.pdf,"Pál Zachar (PDF, 2 MB)"
NR,Peter Závodský,https://www.minv.sk/swift_data/source/verejna_sprava/volby_a_referendum/200_selfgov22/sg22_54kampan_nr/NR_ZavodskyPeter.pdf,"Peter Závodský (PDF, 897 kB)"
PO,Vladimír Adamkovič,https://www.minv.sk/swift_data/source/verejna_sprava/volby_a_referendum/200_selfgov22/sg22_57kampan_po/PO_AdamkovicVladimir.pdf,"Vladimír Adamkovič (PDF, 740 kB)"
PO,Ján Andrejko,https://www.minv.sk/swift_data/source/verejna_sprava/volby_a_referendum/200_selfgov22/sg22_57kampan_po/PO_AndrejkoJan.pdf,"Ján Andrejko (PDF, 140 kB)"
PO,Daniel Barnišin,https://www.minv.sk/swift_data/source/verejna_sprava/volby_a_referendum/200_selfgov22/sg22_57kampan_po/PO_BarnisinDaniel.pdf,"Daniel Barnišin (PDF, 710 kB)"
PO,Zuzana Bednárová,https://www.minv.sk/swift_data/source/verejna_sprava/volby_a_referendum/200_selfgov22/sg22_57kampan_po/PO_BednarovaZuzana.pdf,"Zuzana Bednárová (PDF, 302 kB)"
PO,Patrik Benčík,https://www.minv.sk/swift_data/source/verejna_sprava/volby_a_referendum/200_selfgov22/sg22_57kampan_po/PO_BencikPatrik.pdf,"Patrik Benčík (PDF, 345 kB)"
PO,Artúr Benes,https://www.minv.sk/swift_data/source/verejna_sprava/volby_a_referendum/200_selfgov22/sg22_57kampan_po/PO_BenesArtur.pdf,"Artúr Benes (PDF, 122 kB)"
PO,Ondrej Brendza,https://www.minv.sk/swift_data/source/verejna_sprava/volby_a_referendum/200_selfgov22/sg22_57kampan_po/PO_BrendzaOndrej.pdf,"Ondrej Brendza (PDF, 800 kB)"
PO,Marta Britaňáková,https://www.minv.sk/swift_data/source/verejna_sprava/volby_a_referendum/200_selfgov22/sg22_57kampan_po/PO_BritanakovaMarta.pdf,"Marta Britaňáková (PDF, 501 kB)"
PO,Martin Buzáš,https://www.minv.sk/swift_data/source/verejna_sprava/volby_a_referendum/200_selfgov22/sg22_57kampan_po/PO_BuzasMartin.pdf,"Martin Buzáš (PDF, 904 kB)"
PO,Jozef Cvoliga,https://www.minv.sk/swift_data/source/verejna_sprava/volby_a_referendum/200_selfgov22/sg22_57kampan_po/PO_CvoligaJozef.pdf,"Jozef Cvoliga (PDF, 746 kB)"
PO,Anton Danko,https://www.minv.sk/swift_data/source/verejna_sprava/volby_a_referendum/200_selfgov22/sg22_57kampan_po/PO_DankoAnton.pdf,"Anton Danko (PDF, 187 kB)"
PO,Peter Duda,https://www.minv.sk/swift_data/source/verejna_sprava/volby_a_referendum/200_selfgov22/sg22_57kampan_po/PO_DudaPeter.pdf,"Peter Duda (PDF, 754 kB)"
PO,Peter Dujava,https://www.minv.sk/swift_data/source/verejna_sprava/volby_a_referendum/200_selfgov22/sg22_57kampan_po/PO_DujavaPeter.pdf,"Peter Dujava (PDF, 556 kB)"
PO,Martin Eštočák,https://www.minv.sk/swift_data/source/verejna_sprava/volby_a_referendum/200_selfgov22/sg22_57kampan_po/PO_EstocakMartin.pdf,"Martin Eštočák (PDF, 1 MB)"
PO,Angela Františková,https://www.minv.sk/swift_data/source/verejna_sprava/volby_a_referendum/200_selfgov22/sg22_57kampan_po/PO_FrantiskovaAngela.pdf,"Angela Františková (PDF, 448 kB)"
PO,Daniela Galandová,https://www.minv.sk/swift_data/source/verejna_sprava/volby_a_referendum/200_selfgov22/sg22_57kampan_po/PO_GalandovaDaniela.pdf,"Daniela Galandová (PDF, 849 kB)"
PO,Ľubomír Gergeľ,https://www.minv.sk/swift_data/source/verejna_sprava/volby_a_referendum/200_selfgov22/sg22_57kampan_po/PO_GergelLubomir.pdf,"Ľubomír Gergeľ (PDF, 1 MB)"
PO,Pavel Hagyari,https://www.minv.sk/swift_data/source/verejna_sprava/volby_a_referendum/200_selfgov22/sg22_57kampan_po/PO_HagyariPavel.pdf,"Pavel Hagyari (PDF, 824 kB)"
PO,Boris Hanuščak,https://www.minv.sk/swift_data/source/verejna_sprava/volby_a_referendum/200_selfgov22/sg22_57kampan_po/PO_HanuscakBoris.pdf,"Boris Hanuščak (PDF, 472 kB)"
PO,Marek Hrabčák,https://www.minv.sk/swift_data/source/verejna_sprava/volby_a_referendum/200_selfgov22/sg22_57kampan_po/PO_HrabcakMarek.pdf,"Marek Hrabčák (PDF, 317 kB)"
PO,Lukáš Chovaňák,https://www.minv.sk/swift_data/source/verejna_sprava/volby_a_referendum/200_selfgov22/sg22_57kampan_po/PO_ChovanakLukas.pdf,"Lukáš Chovaňák (PDF, 2 MB)"
PO,Marcela Ivančová,https://www.minv.sk/swift_data/source/verejna_sprava/volby_a_referendum/200_selfgov22/sg22_57kampan_po/PO_IvancovaMarcela.pdf,"Marcela Ivančová (PDF, 804 kB)"
PO,Vladimír Jánošík,https://www.minv.sk/swift_data/source/verejna_sprava/volby_a_referendum/200_selfgov22/sg22_57kampan_po/PO_JanosikVladimir.pdf,"Vladimír Jánošík (PDF, 830 kB)"
PO,Viliam Kall,https://www.minv.sk/swift_data/source/verejna_sprava/volby_a_referendum/200_selfgov22/sg22_57kampan_po/PO_KallViliam.pdf,"Viliam Kall (PDF, 792 kB)"
PO,Michal Kaliňák,https://www.minv.sk/swift_data/source/verejna_sprava/volby_a_referendum/200_selfgov22/sg22_57kampan_po/PO_KalinakMichal.pdf,"Michal Kaliňák (PDF, 611 kB)"
PO,Tomáš Kirňák,https://www.minv.sk/swift_data/source/verejna_sprava/volby_a_referendum/200_selfgov22/sg22_57kampan_po/PO_KirnakTomas.pdf,"Tomáš Kirňák (PDF, 780 kB)"
PO,Štefan Kiška,https://www.minv.sk/swift_data/source/verejna_sprava/volby_a_referendum/200_selfgov22/sg22_57kampan_po/PO_KiskaStefan.pdf,"Štefan Kiška (PDF, 2 MB)"
PO,Miroslav Koščák,https://www.minv.sk/swift_data/source/verejna_sprava/volby_a_referendum/200_selfgov22/sg22_57kampan_po/PO_KoscakMiroslav.pdf,"Miroslav Koščák (PDF, 324 kB)"
PO,Filip Kuffa,https://www.minv.sk/swift_data/source/verejna_sprava/volby_a_referendum/200_selfgov22/sg22_57kampan_po/PO_KuffaFilip.pdf,"Filip Kuffa (PDF, 117 kB)"
PO,František Majerský,https://www.minv.sk/swift_data/source/verejna_sprava/volby_a_referendum/200_selfgov22/sg22_57kampan_po/PO_MajerskyFrantisek.pdf,"František Majerský (PDF, 857 kB)"
PO,Milan Mazurek,https://www.minv.sk/swift_data/source/verejna_sprava/volby_a_referendum/200_selfgov22/sg22_57kampan_po/PO_MazurekMilan.pdf,"Milan Mazurek (PDF, 765 kB)"
PO,Miloš Meričko,https://www.minv.sk/swift_data/source/verejna_sprava/volby_a_referendum/200_selfgov22/sg22_57kampan_po/PO_MerickoMilos.pdf,"Miloš Meričko (PDF, 805 kB)"
PO,Jozef Mihalčin,https://www.minv.sk/swift_data/source/verejna_sprava/volby_a_referendum/200_selfgov22/sg22_57kampan_po/PO_MihalcinJozef.pdf,"Jozef Mihalčin (PDF, 542 kB)"
PO,Slavomír Novák,https://www.minv.sk/swift_data/source/verejna_sprava/volby_a_referendum/200_selfgov22/sg22_57kampan_po/PO_NovakSlavomir.pdf,"Slavomír Novák (PDF, 1 MB)"
PO,Miloslav Olejár,https://www.minv.sk/swift_data/source/verejna_sprava/volby_a_referendum/200_selfgov22/sg22_57kampan_po/PO_OlejarMiloslav.pdf,"Miloslav Olejár (PDF, 2 MB)"
PO,František Oľha,https://www.minv.sk/swift_data/source/verejna_sprava/volby_a_referendum/200_selfgov22/sg22_57kampan_po/PO_OlhaFrantisek.pdf,"František Oľha (PDF, 516 kB)"
PO,Stanislav Onderišin,https://www.minv.sk/swift_data/source/verejna_sprava/volby_a_referendum/200_selfgov22/sg22_57kampan_po/PO_OnderisinStanislav.pdf,"Stanislav Onderišin (PDF, 1 MB)"
PO,Ján Ondrišík,https://www.minv.sk/swift_data/source/verejna_sprava/volby_a_referendum/200_selfgov22/sg22_57kampan_po/PO_OndrisikJan.pdf,"Ján Ondrišík (PDF, 6 MB)"
PO,Beáta Pribulová,https://www.minv.sk/swift_data/source/verejna_sprava/volby_a_referendum/200_selfgov22/sg22_57kampan_po/PO_PribulovaBeata.pdf,"Beáta Pribulová (PDF, 838 kB)"
PO,Ján Ragan,https://www.minv.sk/swift_data/source/verejna_sprava/volby_a_referendum/200_selfgov22/sg22_57kampan_po/PO_RaganJan.pdf,"Ján Ragan (PDF, 460 kB)"
PO,Michal Repaský,https://www.minv.sk/swift_data/source/verejna_sprava/volby_a_referendum/200_selfgov22/sg22_57kampan_po/PO_RepaskyMichal.pdf,"Michal Repaský (PDF, 831 kB)"
PO,Katarína Siváková,https://www.minv.sk/swift_data/source/verejna_sprava/volby_a_referendum/200_selfgov22/sg22_57kampan_po/PO_SivakovaKatarina.pdf,"Katarína Siváková (PDF, 4 MB)"
PO,Stanislav Soroka,https://www.minv.sk/swift_data/source/verejna_sprava/volby_a_referendum/200_selfgov22/sg22_57kampan_po/PO_SorokaStanislav.pdf,"Stanislav Soroka (PDF, 959 kB)"
PO,Miloš Stronček,https://www.minv.sk/swift_data/source/verejna_sprava/volby_a_referendum/200_selfgov22/sg22_57kampan_po/PO_StroncekMilos.pdf,"Miloš Stronček (PDF, 4 MB)"
PO,Tomáš Šimoňák,https://www.minv.sk/swift_data/source/verejna_sprava/volby_a_referendum/200_selfgov22/sg22_57kampan_po/PO_SimonakTomas.pdf,"Tomáš Šimoňák (PDF, 917 kB)"
PO,Miroslav Škvarek,https://www.minv.sk/swift_data/source/verejna_sprava/volby_a_referendum/200_selfgov22/sg22_57kampan_po/PO_SkvarekMiroslav.pdf,"Miroslav Škvarek (PDF, 228 kB)"
PO,Ján Štovka,https://www.minv.sk/swift_data/source/verejna_sprava/volby_a_referendum/200_selfgov22/sg22_57kampan_po/PO_StovkaJan.pdf,"Ján Štovka (PDF, 644 kB)"
PO,Ľuboš Tomko,https://www.minv.sk/swift_data/source/verejna_sprava/volby_a_referendum/200_selfgov22/sg22_57kampan_po/PO_TomkoLubos.pdf,"Ľuboš Tomko (PDF, 794 kB)"
PO,Miroslav Vilkovský,https://www.minv.sk/swift_data/source/verejna_sprava/volby_a_referendum/200_selfgov22/sg22_57kampan_po/PO_VilkovskyMiroslav.pdf,"Miroslav Vilkovský (PDF, 883 kB)"
PO,Vladislav Višňovský,https://www.minv.sk/swift_data/source/verejna_sprava/volby_a_referendum/200_selfgov22/sg22_57kampan_po/PO_VisnovskyVladislav.pdf,"Vladislav Višňovský (PDF, 8 MB)"
PO,Dáša Vojsovičová,https://www.minv.sk/swift_data/source/verejna_sprava/volby_a_referendum/200_selfgov22/sg22_57kampan_po/PO_VojsovicovaDasa.pdf,"Dáša Vojsovičová (PDF, 496 kB)"
PO,Ján Vook,https://www.minv.sk/swift_data/source/verejna_sprava/volby_a_referendum/200_selfgov22/sg22_57kampan_po/PO_VookJan.pdf,"Ján Vook (PDF, 342 kB)"
PO,Peter Zibura,https://www.minv.sk/swift_data/source/verejna_sprava/volby_a_referendum/200_selfgov22/sg22_57kampan_po/PO_ZiburaPeter.pdf,"Peter Zibura (PDF, 775 kB)"
TN,Leopold Barszcz,https://www.minv.sk/swift_data/source/verejna_sprava/volby_a_referendum/200_selfgov22/sg22_53kampan_tn/TN_BarszczLeopold.pdf,"Leopold Barszcz (PDF, 768 kB)"
TN,Jaroslav Baška,https://www.minv.sk/swift_data/source/verejna_sprava/volby_a_referendum/200_selfgov22/sg22_53kampan_tn/TN_BaskaJaroslav.pdf,"Jaroslav Baška (PDF, 849 kB)"
TN,Katarína Beranová,https://www.minv.sk/swift_data/source/verejna_sprava/volby_a_referendum/200_selfgov22/sg22_53kampan_tn/TN_BeranovaKatarina.pdf,"Katarína Beranová (PDF, 695 kB)"
TN,Jozef Božik,https://www.minv.sk/swift_data/source/verejna_sprava/volby_a_referendum/200_selfgov22/sg22_53kampan_tn/TN_BozikJozef.pdf,"Jozef Božik (PDF, 816 kB)"
TN,Pavol Crkoň,https://www.minv.sk/swift_data/source/verejna_sprava/volby_a_referendum/200_selfgov22/sg22_53kampan_tn/TN_CrkonPavol.pdf,"Pavol Crkoň (PDF, 603 kB)"
TN,Róbert Gašparík,https://www.minv.sk/swift_data/source/verejna_sprava/volby_a_referendum/200_selfgov22/sg22_53kampan_tn/TN_GasparikRobert.pdf,"Róbert Gašparík (PDF, 728 kB)"
TN,Branislav Gigac,https://www.minv.sk/swift_data/source/verejna_sprava/volby_a_referendum/200_selfgov22/sg22_53kampan_tn/TN_GigacBranislav.pdf,"Branislav Gigac (PDF, 1 MB)"
TN,Maroš Greschner,https://www.minv.sk/swift_data/source/verejna_sprava/volby_a_referendum/200_selfgov22/sg22_53kampan_tn/TN_GreschnerMaros.pdf,"Maroš Greschner (PDF, 3 MB)"
TN,Silvia Grúberová,https://www.minv.sk/swift_data/source/verejna_sprava/volby_a_referendum/200_selfgov22/sg22_53kampan_tn/TN_GruberovaSilvia.pdf,"Silvia Grúberová (PDF, 451 kB)"
TN,Ľubomír Halabrín,https://www.minv.sk/swift_data/source/verejna_sprava/volby_a_referendum/200_selfgov22/sg22_53kampan_tn/TN_HalabrinLubomir.pdf,"Ľubomír Halabrín (PDF, 821 kB)"
TN,Jozef Hatvanyi,https://www.minv.sk/swift_data/source/verejna_sprava/volby_a_referendum/200_selfgov22/sg22_53kampan_tn/TN_HatvanyiJozef.pdf,"Jozef Hatvanyi (PDF, 76 kB)"
TN,Katarína Heneková,https://www.minv.sk/swift_data/source/verejna_sprava/volby_a_referendum/200_selfgov22/sg22_53kampan_tn/TN_HenekovaKatarina.pdf,"Katarína Heneková (PDF, 839 kB)"
TN,Dávid Holý,https://www.minv.sk/swift_data/source/verejna_sprava/volby_a_referendum/200_selfgov22/sg22_53kampan_tn/TN_HolyDavid.pdf,"Dávid Holý (PDF, 376 kB)"
TN,Miroslava Hudecová,https://www.minv.sk/swift_data/source/verejna_sprava/volby_a_referendum/200_selfgov22/sg22_53kampan_tn/TN_HudecovMiroslava.pdf,"Miroslava Hudecová (PDF, 97 kB)"
TN,Roman Hvizdák,https://www.minv.sk/swift_data/source/verejna_sprava/volby_a_referendum/200_selfgov22/sg22_53kampan_tn/TN_HvizdakRoman.pdf,"Roman Hvizdák (PDF, 801 kB)"
TN,Katarína Chlebíková,https://www.minv.sk/swift_data/source/verejna_sprava/volby_a_referendum/200_selfgov22/sg22_53kampan_tn/TN_ChlebikovaKatarina.pdf,"Katarína Chlebíková (PDF, 811 kB)"
TN,Marián Chovanec,https://www.minv.sk/swift_data/source/verejna_sprava/volby_a_referendum/200_selfgov22/sg22_53kampan_tn/TN_ChovanecMarian.pdf,"Marián Chovanec (PDF, 683 kB)"
TN,Maroš  Chudovský,https://www.minv.sk/swift_data/source/verejna_sprava/volby_a_referendum/200_selfgov22/sg22_53kampan_tn/TN_ChudovskyMaros.pdf,"Maroš&nbsp; Chudovský (PDF, 4 MB)"
TN,Karol Janas,https://www.minv.sk/swift_data/source/verejna_sprava/volby_a_referendum/200_selfgov22/sg22_53kampan_tn/TN_JanasKarol.pdf,"Karol Janas (PDF, 817 kB)"
TN,Juraj Krištofovič,https://www.minv.sk/swift_data/source/verejna_sprava/volby_a_referendum/200_selfgov22/sg22_53kampan_tn/TN_KristofovicJuraj.pdf,"Juraj Krištofovič (PDF, 595 kB)"
TN,Ján Kšiňan,https://www.minv.sk/swift_data/source/verejna_sprava/volby_a_referendum/200_selfgov22/sg22_53kampan_tn/TN_KsinanJan.pdf,"Ján Kšiňan (PDF, 273 kB)"
TN,Peter Kudlík,https://www.minv.sk/swift_data/source/verejna_sprava/volby_a_referendum/200_selfgov22/sg22_53kampan_tn/TN_KudlikPeter.pdf,"Peter Kudlík (PDF, 5 MB)"
TN,Viliam Makový,https://www.minv.sk/swift_data/source/verejna_sprava/volby_a_referendum/200_selfgov22/sg22_53kampan_tn/TN_MakovyViliam.pdf,"Viliam Makový (PDF, 708 kB)"
TN,Peter Máťoš,https://www.minv.sk/swift_data/source/verejna_sprava/volby_a_referendum/200_selfgov22/sg22_53kampan_tn/TN_MatosPeter.pdf,"Peter Máťoš (PDF, 993 kB)"
TN,Miloš Mičega,https://www.minv.sk/swift_data/source/verejna_sprava/volby_a_referendum/200_selfgov22/sg22_53kampan_tn/TN_MicegaMilos.pdf,"Miloš Mičega (PDF, 876 kB)"
TN,Jana Michaličková,https://www.minv.sk/swift_data/source/verejna_sprava/volby_a_referendum/200_selfgov22/sg22_53kampan_tn/TN_MichalickovaJana.pdf,"Jana Michaličková (PDF, 791 kB)"
TN,Adrián Mikuš,https://www.minv.sk/swift_data/source/verejna_sprava/volby_a_referendum/200_selfgov22/sg22_53kampan_tn/TN_MikusAdrian.pdf,"Adrián Mikuš (PDF, 1 MB)"
TN,Martin Mikuš,https://www.minv.sk/swift_data/source/verejna_sprava/volby_a_referendum/200_selfgov22/sg22_53kampan_tn/TN_MikusMartin.pdf,"Martin Mikuš (PDF, 821 kB)"
TN,Miloš Mojto,https://www.minv.sk/swift_data/source/verejna_sprava/volby_a_referendum/200_selfgov22/sg22_53kampan_tn/TN_MojtoMilos.pdf,"Miloš Mojto (PDF, 864 kB)"
TN,Tatiana Molnárová,https://www.minv.sk/swift_data/source/verejna_sprava/volby_a_referendum/200_selfgov22/sg22_53kampan_tn/TN_MolnarovaTatiana.pdf,"Tatiana Molnárová (PDF, 864 kB)"
TN,Nora Pániková,https://www.minv.sk/swift_data/source/verejna_sprava/volby_a_referendum/200_selfgov22/sg22_53kampan_tn/TN_PanikovaNora.pdf,"Nora Pániková (PDF, 797 kB)"
TN,Peter Podmajerský,https://www.minv.sk/swift_data/source/verejna_sprava/volby_a_referendum/200_selfgov22/sg22_53kampan_tn/TN_PodmajerskyPeter.pdf,"Peter Podmajerský (PDF, 723 kB)"
TN,Mikuláš Prokop,https://www.minv.sk/swift_data/source/verejna_sprava/volby_a_referendum/200_selfgov22/sg22_53kampan_tn/TN_ProkopMikulas.pdf,"Mikuláš Prokop (PDF, 869 kB)"
TN,Richard Rybníček,https://www.minv.sk/swift_data/source/verejna_sprava/volby_a_referendum/200_selfgov22/sg22_53kampan_tn/TN_RybnicekRichard.pdf,"Richard Rybníček (PDF, 691 kB)"
TN,Matej Slávik,https://www.minv.sk/swift_data/source/verejna_sprava/volby_a_referendum/200_selfgov22/sg22_53kampan_tn/TN_SlavikMatej.pdf,"Matej Slávik (PDF, 590 kB)"
TN,Ladislav Smatana,https://www.minv.sk/swift_data/source/verejna_sprava/volby_a_referendum/200_selfgov22/sg22_53kampan_tn/TN_SmatanaLadislav.pdf,"Ladislav Smatana (PDF, 850 kB)"
TN,Jozef Stopka,https://www.minv.sk/swift_data/source/verejna_sprava/volby_a_referendum/200_selfgov22/sg22_53kampan_tn/TN_StopkaJozef.pdf,"Jozef Stopka (PDF, 1 MB)"
TN,Viktor Wiedermann,https://www.minv.sk/swift_data/source/verejna_sprava/volby_a_referendum/200_selfgov22/sg22_53kampan_tn/TN_WiedermannViktor.pdf,"Viktor Wiedermann (PDF, 2 MB)"
TN,Peter Wolf,https://www.minv.sk/swift_data/source/verejna_sprava/volby_a_referendum/200_selfgov22/sg22_53kampan_tn/TN_WolfPeter.pdf,"Peter Wolf (PDF, 1 MB)"
TT,Vladimír Bakita,https://www.minv.sk/swift_data/source/verejna_sprava/volby_a_referendum/200_selfgov22/sg22_52kampan_tt/TT_BakitaVladimir.pdf,"Vladimír Bakita (PDF, 729 kB)"
TT,Branislav Baroš,https://www.minv.sk/swift_data/source/verejna_sprava/volby_a_referendum/200_selfgov22/sg22_52kampan_tt/TT_BarosBranislav.pdf,"Branislav Baroš (PDF, 838 kB)"
TT,Jozef Bednár,https://www.minv.sk/swift_data/source/verejna_sprava/volby_a_referendum/200_selfgov22/sg22_52kampan_tt/TT_BednarJozef.pdf,"Jozef Bednár (PDF, 876 kB)"
TT,József Berényi,https://www.minv.sk/swift_data/source/verejna_sprava/volby_a_referendum/200_selfgov22/sg22_52kampan_tt/TT_BerenyiJozsef.pdf,"József Berényi (PDF, 894 kB)"
TT,Boris Bízek,https://www.minv.sk/swift_data/source/verejna_sprava/volby_a_referendum/200_selfgov22/sg22_52kampan_tt/TT_BizekBoris.pdf,"Boris Bízek (PDF, 886 kB)"
TT,Zuzana Bošnáková,https://www.minv.sk/swift_data/source/verejna_sprava/volby_a_referendum/200_selfgov22/sg22_52kampan_tt/TT_BosnakovaZuzana.pdf,"Zuzana Bošnáková (PDF, 9 MB)"
TT,Peter Bročka,https://www.minv.sk/swift_data/source/verejna_sprava/volby_a_referendum/200_selfgov22/sg22_52kampan_tt/TT_BrockaPeter.pdf,"Peter Bročka (PDF, 617 kB)"
TT,Viliam Brunner,https://www.minv.sk/swift_data/source/verejna_sprava/volby_a_referendum/200_selfgov22/sg22_52kampan_tt/TT_BrunnerViliam.pdf,"Viliam Brunner (PDF, 375 kB)"
TT,Martin Cifra,https://www.minv.sk/swift_data/source/verejna_sprava/volby_a_referendum/200_selfgov22/sg22_52kampan_tt/TT_CifraMartin.pdf,"Martin Cifra (PDF, 472 kB)"
TT,Zdenko Čambal,https://www.minv.sk/swift_data/source/verejna_sprava/volby_a_referendum/200_selfgov22/sg22_52kampan_tt/TT_CambalZdenko.pdf,"Zdenko Čambal (PDF, 43 kB)"
TT,Martin Džačovský,https://www.minv.sk/swift_data/source/verejna_sprava/volby_a_referendum/200_selfgov22/sg22_52kampan_tt/TT_DzackovskyMartin.pdf,"Martin Džačovský (PDF, 447 kB)"
TT,Iván Fenes,https://www.minv.sk/swift_data/source/verejna_sprava/volby_a_referendum/200_selfgov22/sg22_52kampan_tt/TT_FenesIvan.pdf,"Iván Fenes (PDF, 118 kB)"
TT,Martin Graus,https://www.minv.sk/swift_data/source/verejna_sprava/volby_a_referendum/200_selfgov22/sg22_52kampan_tt/TT_GrausMartin.pdf,"Martin Graus (PDF, 883 kB)"
TT,Roland Hakszer,https://www.minv.sk/swift_data/source/verejna_sprava/volby_a_referendum/200_selfgov22/sg22_52kampan_tt/TT_HakszerRoland.pdf,"Roland Hakszer (PDF, 943 kB)"
TT,Zoltán Horváth,https://www.minv.sk/swift_data/source/verejna_sprava/volby_a_referendum/200_selfgov22/sg22_52kampan_tt/TT_HorvathZoltan.pdf,"Zoltán Horváth (PDF, 510 kB)"
TT,Ivor Švihran,https://www.minv.sk/swift_data/source/verejna_sprava/volby_a_referendum/200_selfgov22/sg22_52kampan_tt/TT_HudcovicTomas.pdf,"Tomáš Hudcovič (PDF, 834 kB)"
TT,Roman Chudý,https://www.minv.sk/swift_data/source/verejna_sprava/volby_a_referendum/200_selfgov22/sg22_52kampan_tt/TT_ChudyRoman.pdf,"Roman Chudý (PDF, 14 MB)"
TT,Adam Jakubáč,https://www.minv.sk/swift_data/source/verejna_sprava/volby_a_referendum/200_selfgov22/sg22_52kampan_tt/TT_JakubacAdam.pdf,"Adam Jakubáč (PDF, 63 kB)"
TT,Peter Jančovič,https://www.minv.sk/swift_data/source/verejna_sprava/volby_a_referendum/200_selfgov22/sg22_52kampan_tt/TT_JancovicPeter.pdf,"Peter Jančovič (PDF, 845 kB)"
TT,Ján Jankulár,https://www.minv.sk/swift_data/source/verejna_sprava/volby_a_referendum/200_selfgov22/sg22_52kampan_tt/TT_JankularJan.pdf,"Ján Jankulár (PDF, 417 kB)"
TT,Tomáš Karmažín,https://www.minv.sk/swift_data/source/verejna_sprava/volby_a_referendum/200_selfgov22/sg22_52kampan_tt/TT_KarmazinTomas.pdf,"Tomáš Karmažín (PDF, 886 kB)"
TT,Peter Kolek,https://www.minv.sk/swift_data/source/verejna_sprava/volby_a_referendum/200_selfgov22/sg22_52kampan_tt/TT_KolekPeter.pdf,"Peter Kolek (PDF, 826 kB)"
TT,Gábor Krommer,https://www.minv.sk/swift_data/source/verejna_sprava/volby_a_referendum/200_selfgov22/sg22_52kampan_tt/TT_KrommerGabor.pdf,"Gábor Krommer (PDF, 738 kB)"
TT,Štefan Kubík,https://www.minv.sk/swift_data/source/verejna_sprava/volby_a_referendum/200_selfgov22/sg22_52kampan_tt/TT_KubikStefan.pdf,"Štefan Kubík (PDF, 779 kB)"
TT,Ondrej Kurbel,https://www.minv.sk/swift_data/source/verejna_sprava/volby_a_referendum/200_selfgov22/sg22_52kampan_tt/TT_KurbelOndrej.pdf,"Ondrej Kurbel (PDF, 826 kB)"
TT,Matej Lančarič,https://www.minv.sk/swift_data/source/verejna_sprava/volby_a_referendum/200_selfgov22/sg22_52kampan_tt/TT_LancaricMatej.pdf,"Matej Lančarič (PDF, 848 kB)"
TT,Oľga Luptáková,https://www.minv.sk/swift_data/source/verejna_sprava/volby_a_referendum/200_selfgov22/sg22_52kampan_tt/TT_LuptakovaOlga.pdf,"Oľga Luptáková (PDF, 1 MB)"
TT,Martin Madlo,https://www.minv.sk/swift_data/source/verejna_sprava/volby_a_referendum/200_selfgov22/sg22_52kampan_tt/TT_MadloMartin.pdf,"Martin Madlo (PDF, 11 MB)"
TT,Ema Maggiová,https://www.minv.sk/swift_data/source/verejna_sprava/volby_a_referendum/200_selfgov22/sg22_52kampan_tt/TT_MaggiovaEma.pdf,"Ema Maggiová (PDF, 470 kB)"
TT,Juraj Moravčík,https://www.minv.sk/swift_data/source/verejna_sprava/volby_a_referendum/200_selfgov22/sg22_52kampan_tt/TT_MoravcikJuraj.pdf,"Juraj Moravčík (PDF, 864 kB)"
TT,Csaba Orosz,https://www.minv.sk/swift_data/source/verejna_sprava/volby_a_referendum/200_selfgov22/sg22_52kampan_tt/TT_OroszCsaba.pdf,"Csaba Orosz (PDF, 896 kB)"
TT,Roman Sova,https://www.minv.sk/swift_data/source/verejna_sprava/volby_a_referendum/200_selfgov22/sg22_52kampan_tt/TT_SovaRoman.pdf,"Roman Sova (PDF, 741 kB)"
TT,Zuzana Svrčeková,https://www.minv.sk/swift_data/source/verejna_sprava/volby_a_referendum/200_selfgov22/sg22_52kampan_tt/TT_SvrcekovaZuzna.pdf,"Zuzana Svrčeková (PDF, 421 kB)"
TT,Erika Szelle,https://www.minv.sk/swift_data/source/verejna_sprava/volby_a_referendum/200_selfgov22/sg22_52kampan_tt/TT_SzelleErika.pdf,"Erika Szelle (PDF, 720 kB)"
TT,František Sztruhár,https://www.minv.sk/swift_data/source/verejna_sprava/volby_a_referendum/200_selfgov22/sg22_52kampan_tt/TT_SztruharFrantisek.pdf,"František Sztruhár (PDF, 1 MB)"
TT,Veronika Temňáková,https://www.minv.sk/swift_data/source/verejna_sprava/volby_a_referendum/200_selfgov22/sg22_52kampan_tt/TT_TemnakovaVeronika.pdf,"Veronika Temňáková (PDF, 737 kB)"
ZA,Silvia Bakkery,https://www.minv.sk/swift_data/source/verejna_sprava/volby_a_referendum/200_selfgov22/sg22_55kampan_za/ZA_BakkerySilvia.pdf,"Silvia Bakkery (PDF, 11 MB)"
ZA,Marek Belák,https://www.minv.sk/swift_data/source/verejna_sprava/volby_a_referendum/200_selfgov22/sg22_55kampan_za/ZA_BelakMarek.pdf,"Marek Belák (PDF, 309 kB)"
ZA,Ján Blcháč,https://www.minv.sk/swift_data/source/verejna_sprava/volby_a_referendum/200_selfgov22/sg22_55kampan_za/ZA_BlchacJan.pdf,"Ján Blcháč (PDF, 447 kB)"
ZA,Jozef Cech,https://www.minv.sk/swift_data/source/verejna_sprava/volby_a_referendum/200_selfgov22/sg22_55kampan_za/ZA_CechJozef.pdf,"Jozef Cech (PDF, 721 kB)"
ZA,Peter Cibulka,https://www.minv.sk/swift_data/source/verejna_sprava/volby_a_referendum/200_selfgov22/sg22_55kampan_za/ZA_CibulkaPeter.pdf,"Peter Cibulka (PDF, 94 kB)"
ZA,Lucia Cukerová,https://www.minv.sk/swift_data/source/verejna_sprava/volby_a_referendum/200_selfgov22/sg22_55kampan_za/ZA_CukerovaLucia.pdf,"Lucia Cukerová (PDF, 450 kB)"
ZA,Mária Červeňová,https://www.minv.sk/swift_data/source/verejna_sprava/volby_a_referendum/200_selfgov22/sg22_55kampan_za/ZA_CervenovaMaria.pdf,"Mária Červeňová (PDF, 804 kB)"
ZA,Ján Danko,https://www.minv.sk/swift_data/source/verejna_sprava/volby_a_referendum/200_selfgov22/sg22_55kampan_za/ZA_DankoJan.pdf,"Ján Danko (PDF, 384 kB)"
ZA,Andrea Ferletjaková,https://www.minv.sk/swift_data/source/verejna_sprava/volby_a_referendum/200_selfgov22/sg22_55kampan_za/ZA_FerletjakovaAndrea.pdf,"Andrea Ferletjaková (PDF, 868 kB)"
ZA,Peter Fiabáne,https://www.minv.sk/swift_data/source/verejna_sprava/volby_a_referendum/200_selfgov22/sg22_55kampan_za/ZA_FiabanePeter.pdf,"Peter Fiabáne (PDF, 448 kB)"
ZA,Milan Ftorek,https://www.minv.sk/swift_data/source/verejna_sprava/volby_a_referendum/200_selfgov22/sg22_55kampan_za/ZA_FtorekMilan.pdf,"Milan Ftorek (PDF, 754 kB)"
ZA,Ľubomír Golis,https://www.minv.sk/swift_data/source/verejna_sprava/volby_a_referendum/200_selfgov22/sg22_55kampan_za/ZA_GolisLubomir.pdf,"Ľubomír Golis (PDF, 444 kB)"
ZA,Jozef Grapa,https://www.minv.sk/swift_data/source/verejna_sprava/volby_a_referendum/200_selfgov22/sg22_55kampan_za/ZA_GrapaJozef.pdf,"Jozef Grapa (PDF, 841 kB)"
ZA,Patrik Groma,https://www.minv.sk/swift_data/source/verejna_sprava/volby_a_referendum/200_selfgov22/sg22_55kampan_za/ZA_GromaPatrik.pdf,"Patrik Groma (PDF, 103 kB)"
ZA,Milan Gura,https://www.minv.sk/swift_data/source/verejna_sprava/volby_a_referendum/200_selfgov22/sg22_55kampan_za/ZA_GuraMilan.pdf,"Milan Gura (PDF, 881 kB)"
ZA,Peter Hanus,https://www.minv.sk/swift_data/source/verejna_sprava/volby_a_referendum/200_selfgov22/sg22_55kampan_za/ZA_HanusPeter.pdf,"Peter Hanus (PDF, 1 MB)"
ZA,Anton Heglas,https://www.minv.sk/swift_data/source/verejna_sprava/volby_a_referendum/200_selfgov22/sg22_55kampan_za/ZA_HeglasAnton.pdf,"Anton Heglas (PDF, 417 kB)"
ZA,Milan Hubík,https://www.minv.sk/swift_data/source/verejna_sprava/volby_a_referendum/200_selfgov22/sg22_55kampan_za/ZA_HubikMilan.pdf,"Milan Hubík (PDF, 64 kB)"
ZA,Miloš Hucík,https://www.minv.sk/swift_data/source/verejna_sprava/volby_a_referendum/200_selfgov22/sg22_55kampan_za/ZA_HucikMilos.pdf,"Miloš Hucík (PDF, 360 kB)"
ZA,Igor Hus,https://www.minv.sk/swift_data/source/verejna_sprava/volby_a_referendum/200_selfgov22/sg22_55kampan_za/ZA_HusIgor.pdf,"Igor Hus (PDF, 822 kB)"
ZA,Mariana Chylík Riboňová,https://www.minv.sk/swift_data/source/verejna_sprava/volby_a_referendum/200_selfgov22/sg22_55kampan_za/ZA_ChylikRibonovaMariana.pdf,"Mariana Chylík Riboňová (PDF, 13 MB)"
ZA,Igor Janckulík,https://www.minv.sk/swift_data/source/verejna_sprava/volby_a_referendum/200_selfgov22/sg22_55kampan_za/ZA_JanckulikIgor.pdf,"Igor Janckulík (PDF, 118 kB)"
ZA,Ján Kadera,https://www.minv.sk/swift_data/source/verejna_sprava/volby_a_referendum/200_selfgov22/sg22_55kampan_za/ZA_KaderaJan.pdf,"Ján Kadera (PDF, 910 kB)"
ZA,Kamil Kobolka,https://www.minv.sk/swift_data/source/verejna_sprava/volby_a_referendum/200_selfgov22/sg22_55kampan_za/ZA_KobolkaKamil.pdf,"Kamil Kobolka (PDF, 668 kB)"
ZA,Štefan Kompánek,https://www.minv.sk/swift_data/source/verejna_sprava/volby_a_referendum/200_selfgov22/sg22_55kampan_za/ZA_KompanekStefan.pdf,"Štefan Kompánek (PDF, 167 kB)"
ZA,Iveta Komzalová,https://www.minv.sk/swift_data/source/verejna_sprava/volby_a_referendum/200_selfgov22/sg22_55kampan_za/ZA_KomzalovaIveta.pdf,"Iveta Komzalová (PDF, 4 MB)"
ZA,Ján Laco,https://www.minv.sk/swift_data/source/verejna_sprava/volby_a_referendum/200_selfgov22/sg22_55kampan_za/ZA_LacoJan.pdf,"Ján Laco (PDF, 813 kB)"
ZA,Jozef Liss,https://www.minv.sk/swift_data/source/verejna_sprava/volby_a_referendum/200_selfgov22/sg22_55kampan_za/ZA_LissJozef.pdf,"Jozef Liss (PDF, 895 kB)"
ZA,Rastislav Makový,https://www.minv.sk/swift_data/source/verejna_sprava/volby_a_referendum/200_selfgov22/sg22_55kampan_za/ZA_MakovyRastislav.pdf,"Rastislav Makový (PDF, 747 kB)"
ZA,Ladislav Marek,https://www.minv.sk/swift_data/source/verejna_sprava/volby_a_referendum/200_selfgov22/sg22_55kampan_za/ZA_MarekLadislav.pdf,"Ladislav Marek (PDF, 839 kB)"
ZA,Miroslav Mariak,https://www.minv.sk/swift_data/source/verejna_sprava/volby_a_referendum/200_selfgov22/sg22_55kampan_za/ZA_MariakMiroslav.pdf,"Miroslav Mariak (PDF, 2 MB)"
ZA,Tomáš Martaus,https://www.minv.sk/swift_data/source/verejna_sprava/volby_a_referendum/200_selfgov22/sg22_55kampan_za/ZA_MartausTomas.pdf,"Tomáš Martaus (PDF, 21 MB)"
ZA,Miroslav Mazúr,https://www.minv.sk/swift_data/source/verejna_sprava/volby_a_referendum/200_selfgov22/sg22_55kampan_za/ZA_MazurMiroslav.pdf,"Miroslav Mazúr (PDF, 14 MB)"
ZA,Marián Mihalda,https://www.minv.sk/swift_data/source/verejna_sprava/volby_a_referendum/200_selfgov22/sg22_55kampan_za/ZA_MihaldaMarian.pdf,"Marián Mihalda (PDF, 888 kB)"
ZA,Miroslav Minárčik,https://www.minv.sk/swift_data/source/verejna_sprava/volby_a_referendum/200_selfgov22/sg22_55kampan_za/ZA_MinarcikMiroslav.pdf,"Miroslav Minárčik (PDF, 493 kB)"
ZA,Július Piták,https://www.minv.sk/swift_data/source/verejna_sprava/volby_a_referendum/200_selfgov22/sg22_55kampan_za/ZA_PitakJulius.pdf,"Július Piták (PDF, 820 kB)"
ZA,Marián Plevko,https://www.minv.sk/swift_data/source/verejna_sprava/volby_a_referendum/200_selfgov22/sg22_55kampan_za/ZA_PlevkoMarian.pdf,"Marián Plevko (PDF, 768 kB)"
ZA,Ján Prílepok,https://www.minv.sk/swift_data/source/verejna_sprava/volby_a_referendum/200_selfgov22/sg22_55kampan_za/ZA_PrilepokJan.pdf,"Ján Prílepok (PDF, 436 kB)"
ZA,Ján Rzeszoto,https://www.minv.sk/swift_data/source/verejna_sprava/volby_a_referendum/200_selfgov22/sg22_55kampan_za/ZA_RzeszotoJan.pdf,"Ján Rzeszoto (PDF, 1 MB)"
ZA,Ján Sekáč,https://www.minv.sk/swift_data/source/verejna_sprava/volby_a_referendum/200_selfgov22/sg22_55kampan_za/ZA_SekacJan.pdf,"Ján Sekáč (PDF, 807 kB)"
ZA,Peter Slyško,https://www.minv.sk/swift_data/source/verejna_sprava/volby_a_referendum/200_selfgov22/sg22_55kampan_za/ZA_SlyskoPeter.pdf,"Peter Slyško (PDF, 437 kB)"
ZA,Ľuboš Stroka,https://www.minv.sk/swift_data/source/verejna_sprava/volby_a_referendum/200_selfgov22/sg22_55kampan_za/ZA_StrokaLubos.pdf,"Ľuboš Stroka (PDF, 930 kB)"
ZA,Ivan Šaško,https://www.minv.sk/swift_data/source/verejna_sprava/volby_a_referendum/200_selfgov22/sg22_55kampan_za/ZA_SaskoIvan.pdf,"Ivan Šaško (PDF, 457 kB)"
ZA,Matej Šimášek,https://www.minv.sk/swift_data/source/verejna_sprava/volby_a_referendum/200_selfgov22/sg22_55kampan_za/ZA_SimasekMatej.pdf,"Matej Šimášek (PDF, 765 kB)"
ZA,Xénia Šurhaňáková,https://www.minv.sk/swift_data/source/verejna_sprava/volby_a_referendum/200_selfgov22/sg22_55kampan_za/ZA_SurhanakovaXenia.pdf,"Xénia Šurhaňáková (PDF, 732 kB)"
ZA,Branislav Šušolík,https://www.minv.sk/swift_data/source/verejna_sprava/volby_a_referendum/200_selfgov22/sg22_55kampan_za/ZA_SusolikBranislav.pdf,"Branislav Šušolík (PDF, 830 kB)"
ZA,Jozef Šutara,https://www.minv.sk/swift_data/source/verejna_sprava/volby_a_referendum/200_selfgov22/sg22_55kampan_za/ZA_SutaraJozef.pdf,"Jozef Šutara (PDF, 1 MB)"
ZA,Miroslav Urban,https://www.minv.sk/swift_data/source/verejna_sprava/volby_a_referendum/200_selfgov22/sg22_55kampan_za/ZA_UrbanMiroslav.pdf,"Miroslav Urban (PDF, 858 kB)"
ZA,Jozef Vražel,https://www.minv.sk/swift_data/source/verejna_sprava/volby_a_referendum/200_selfgov22/sg22_55kampan_za/ZA_VrazelJozef.pdf,"Jozef Vražel (PDF, 1 MB)"
ZA,Stanislav Thomka,https://www.minv.sk/swift_data/source/verejna_sprava/volby_a_referendum/200_selfgov22/sg22_55kampan_za/ZA_ThomkaStanislav.pdf,"Stanislav Thomka (PDF, 830 kB)"
ZA,Branislav Tréger,https://www.minv.sk/swift_data/source/verejna_sprava/volby_a_referendum/200_selfgov22/sg22_55kampan_za/ZA_TregerBranislav.pdf,"Branislav Tréger (PDF, 862 kB)"
ZA,Branislav Zacharides,https://www.minv.sk/swift_data/source/verejna_sprava/volby_a_referendum/200_selfgov22/sg22_55kampan_za/ZA_ZacharidesBranislav.pdf,"Branislav Zacharides (PDF, 863 kB)"
ZA,Štefan Zelník,https://www.minv.sk/swift_data/source/verejna_sprava/volby_a_referendum/200_selfgov22/sg22_55kampan_za/ZA_ZelnikStefan.pdf,"Štefan Zelník (PDF, 147 kB)"
ZA,Magdaléna Zmarzláková,https://www.minv.sk/swift_data/source/verejna_sprava/volby_a_referendum/200_selfgov22/sg22_55kampan_za/ZA_ZmarzlakovaMagdalena.pdf,"Magdaléna Zmarzláková (PDF, 428 kB)"